idInmueble,urlInmueble,fuenteInfo,tipoInmueble,tipoOperacion,precio,habitaciones,tamaño,planta,distrito,ciudad,fecha,eficienciaEnergetica,ascensor,terraza,trastero,garaje,balcon,aireAcondicinado,piscina,baños
158047553,https://www.fotocasa.es/es/comprar/vivienda/madrid-capital/imperial/158047553/d,fotocasa,0,1,525000,3,115,1,arganzuela,madrid-capital,2021-1-6,C,False,False,False,No-detallado,False,False,False,2
156551857,https://www.fotocasa.es/es/comprar/vivienda/madrid-capital/ascensor/156551857/d,fotocasa,0,1,159000,2,42,1,arganzuela,madrid-capital,2021-1-6,C,True,False,False,No-detallado,False,False,False,1
151852644,https://www.fotocasa.es/es/comprar/vivienda/madrid-capital/aire-acondicionado-calefaccion-parking-trastero-zona-comunitaria-ascensor/151852644/d,fotocasa,0,1,500000,4,150,1,arganzuela,madrid-capital,2021-1-6,C,True,False,True,Privado,False,True,False,2
155960176,https://www.fotocasa.es/es/comprar/vivienda/madrid-capital/jardin/155960176/d,fotocasa,0,1,380000,3,85,0,arganzuela,madrid-capital,2021-1-6,C,False,False,False,No-detallado,False,False,False,1
157923122,https://www.fotocasa.es/es/comprar/vivienda/madrid-capital/calefaccion-ascensor/157923122/d,fotocasa,0,1,295000,3,93,0,arganzuela,madrid-capital,2021-1-6,C,True,False,False,No-detallado,False,False,False,2
156128201,https://www.fotocasa.es/es/comprar/vivienda/madrid-capital/aire-acondicionado-calefaccion-trastero-ascensor-amueblado/156128201/d,fotocasa,0,1,285000,2,70,3,arganzuela,madrid-capital,2021-1-6,C,True,False,True,No-detallado,False,True,False,1
158348957,https://www.fotocasa.es/es/comprar/vivienda/madrid-capital/ascensor/158348957/d,fotocasa,0,1,258000,1,78,0,arganzuela,madrid-capital,2021-1-6,C,True,False,False,No-detallado,False,False,False,2
157942158,https://www.fotocasa.es/es/comprar/vivienda/madrid-capital/terraza/157942158/d,fotocasa,0,1,255000,2,52,0,arganzuela,madrid-capital,2021-1-6,C,False,True,False,No-detallado,False,False,False,2
158348810,https://www.fotocasa.es/es/comprar/vivienda/madrid-capital/aire-acondicionado-calefaccion-ascensor-no-amueblado/158348810/d,fotocasa,0,1,230000,2,69,5,arganzuela,madrid-capital,2021-1-6,C,True,False,False,No-detallado,False,True,False,1
149595831,https://www.fotocasa.es/es/comprar/vivienda/madrid-capital/aire-acondicionado-calefaccion-ascensor-internet/149595831/d,fotocasa,0,1,365000,3,90,4,arganzuela,madrid-capital,2021-1-6,C,True,False,False,No-detallado,False,True,False,2
157977581,https://www.fotocasa.es/es/comprar/vivienda/madrid-capital/aire-acondicionado-calefaccion-parking-trastero-no-amueblado/157977581/d,fotocasa,0,1,490000,3,130,4,arganzuela,madrid-capital,2021-1-6,C,False,False,True,Privado,False,True,False,2
153646191,https://www.fotocasa.es/es/comprar/vivienda/madrid-capital/aire-acondicionado-ascensor/153646191/d,fotocasa,0,1,210000,2,57,3,arganzuela,madrid-capital,2021-1-6,C,True,False,False,No-detallado,False,True,False,1
158021007,https://www.fotocasa.es/es/comprar/vivienda/madrid-capital/calefaccion-jardin-trastero-zona-comunitaria-parking/158021007/d,fotocasa,0,1,299900,3,84,3,arganzuela,madrid-capital,2021-1-6,C,False,False,True,Comunitario,True,False,False,1
158322197,https://www.fotocasa.es/es/comprar/vivienda/madrid-capital/calefaccion-terraza-ascensor-no-amueblado/158322197/d,fotocasa,0,1,320000,2,74,1,arganzuela,madrid-capital,2021-1-6,C,True,True,False,No-detallado,False,False,False,1
154371305,https://www.fotocasa.es/es/comprar/vivienda/madrid-capital/aire-acondicionado-calefaccion-parking-terraza-trastero-ascensor-piscina/154371305/d,fotocasa,0,1,570000,2,86,8,arganzuela,madrid-capital,2021-1-6,C,True,True,True,Privado,False,True,True,2
157814459,https://www.fotocasa.es/es/comprar/vivienda/madrid-capital/aire-acondicionado-calefaccion-ascensor-piscina/157814459/d,fotocasa,0,1,245000,2,55,0,arganzuela,madrid-capital,2021-1-6,C,True,False,False,No-detallado,False,True,True,2
157452675,https://www.fotocasa.es/es/comprar/vivienda/madrid-capital/aire-acondicionado-calefaccion-ascensor/157452675/d,fotocasa,0,1,480000,3,114,0,arganzuela,madrid-capital,2021-1-6,C,True,False,False,No-detallado,False,True,False,2
157284824,https://www.fotocasa.es/es/comprar/vivienda/madrid-capital/legazpi-de-madrid/157284824/d,fotocasa,0,1,155000,2,46,2,arganzuela,madrid-capital,2021-1-6,C,False,False,False,No-detallado,False,False,False,1
157909557,https://www.fotocasa.es/es/comprar/vivienda/madrid-capital/aire-acondicionado/157909557/d,fotocasa,0,1,190000,1,38,0,arganzuela,madrid-capital,2021-1-6,C,False,False,False,No-detallado,False,True,False,1
157059803,https://www.fotocasa.es/es/comprar/vivienda/madrid-capital/calefaccion-ascensor/157059803/d,fotocasa,0,1,210000,2,64,5,arganzuela,madrid-capital,2021-1-6,C,True,False,False,No-detallado,False,False,False,1
157392400,https://www.fotocasa.es/es/comprar/vivienda/madrid-capital/aire-acondicionado-zona-comunitaria-ascensor/157392400/d,fotocasa,0,1,297000,2,76,4,arganzuela,madrid-capital,2021-1-6,C,True,False,False,No-detallado,True,True,False,1
158170897,https://www.fotocasa.es/es/comprar/vivienda/madrid-capital/aire-acondicionado-calefaccion-trastero-ascensor-parking-piscina-no-amueblado/158170897/d,fotocasa,0,1,537000,2,120,1,arganzuela,madrid-capital,2021-1-6,C,True,False,True,Comunitario,False,True,True,2
157462268,https://www.fotocasa.es/es/comprar/vivienda/madrid-capital/calefaccion-ascensor/157462268/d,fotocasa,0,1,295000,1,83,3,arganzuela,madrid-capital,2021-1-6,C,True,False,False,No-detallado,False,False,False,1
157086087,https://www.fotocasa.es/es/comprar/vivienda/madrid-capital/aire-acondicionado-calefaccion-parking-terraza-trastero-ascensor-piscina-no-amueblado/157086087/d,fotocasa,0,1,565000,3,194,0,arganzuela,madrid-capital,2021-1-6,C,True,True,True,Privado,False,True,True,2
157085089,https://www.fotocasa.es/es/comprar/vivienda/madrid-capital/aire-acondicionado-calefaccion-parking-jardin-no-amueblado/157085089/d,fotocasa,0,1,659000,6,302,0,arganzuela,madrid-capital,2021-1-6,C,False,False,False,Privado,False,True,False,5
156994004,https://www.fotocasa.es/es/comprar/vivienda/madrid-capital/ascensor/156994004/d,fotocasa,0,1,247000,1,49,0,arganzuela,madrid-capital,2021-1-6,C,True,False,False,No-detallado,False,False,False,1
156836100,https://www.fotocasa.es/es/comprar/vivienda/madrid-capital/terraza-ascensor/156836100/d,fotocasa,0,1,477000,5,140,0,arganzuela,madrid-capital,2021-1-6,C,True,True,False,No-detallado,False,False,False,2
155482680,https://www.fotocasa.es/es/comprar/vivienda/madrid-capital/amueblado/155482680/d,fotocasa,0,1,168000,1,52,0,arganzuela,madrid-capital,2021-1-6,C,False,False,False,No-detallado,False,False,False,1
157316657,https://www.fotocasa.es/es/comprar/vivienda/madrid-capital/aire-acondicionado-calefaccion-terraza/157316657/d,fotocasa,0,1,195000,3,69,2,barajas,madrid-capital,2021-1-6,C,False,True,False,No-detallado,False,True,False,1
156282302,https://www.fotocasa.es/es/comprar/vivienda/madrid-capital/calefaccion-parking-terraza-trastero-ascensor-piscina-piscina/156282302/d,fotocasa,0,1,415000,4,125,5,barajas,madrid-capital,2021-1-6,C,True,True,True,Privado,False,False,True,2
153914538,https://www.fotocasa.es/es/comprar/vivienda/madrid-capital/aire-acondicionado-ascensor-piscina/153914538/d,fotocasa,0,1,330000,3,87,2,barajas,madrid-capital,2021-1-6,C,True,False,False,No-detallado,False,True,True,2
156471666,https://www.fotocasa.es/es/comprar/vivienda/madrid-capital/aire-acondicionado/156471666/d,fotocasa,0,1,180000,2,81,0,barajas,madrid-capital,2021-1-6,C,False,False,False,No-detallado,False,True,False,1
157321402,https://www.fotocasa.es/es/comprar/vivienda/madrid-capital/parking-terraza-ascensor-piscina-piscina/157321402/d,fotocasa,0,1,370000,4,120,0,barajas,madrid-capital,2021-1-6,C,True,True,False,Privado,False,False,True,3
151922031,https://www.fotocasa.es/es/comprar/vivienda/madrid-capital/terraza-patio/151922031/d,fotocasa,0,1,230000,4,113,0,barajas,madrid-capital,2021-1-6,C,False,True,False,No-detallado,False,False,False,2
157200374,https://www.fotocasa.es/es/comprar/vivienda/madrid-capital/aire-acondicionado-calefaccion-parking-jardin-terraza-trastero-zona-comunitaria-patio-piscina-se-aceptan-mascotas-piscina/157200374/d,fotocasa,0,1,746000,5,215,0,barajas,madrid-capital,2021-1-6,C,False,True,True,Privado,True,True,True,4
154112974,https://www.fotocasa.es/es/comprar/vivienda/madrid-capital/aire-acondicionado-calefaccion-parking-trastero-zona-comunitaria-ascensor-piscina/154112974/d,fotocasa,0,1,495000,3,134,2,barajas,madrid-capital,2021-1-6,C,True,False,True,Privado,False,True,True,2
157640881,https://www.fotocasa.es/es/comprar/vivienda/madrid-capital/aire-acondicionado-calefaccion-parking-jardin-terraza-ascensor-amueblado-parking-television-internet-no-amueblado/157640881/d,fotocasa,0,1,345000,3,117,2,barajas,madrid-capital,2021-1-6,C,True,True,False,Privado,False,True,False,2
156594589,https://www.fotocasa.es/es/comprar/vivienda/madrid-capital/aire-acondicionado-calefaccion-parking-trastero-ascensor-piscina-amueblado-piscina/156594589/d,fotocasa,0,1,240000,1,63,2,barajas,madrid-capital,2021-1-6,C,True,False,True,Privado,False,True,True,1
154313622,https://www.fotocasa.es/es/comprar/vivienda/madrid-capital/aire-acondicionado-calefaccion-trastero-zona-comunitaria-ascensor-parking-piscina/154313622/d,fotocasa,0,1,465000,3,128,3,barajas,madrid-capital,2021-1-6,C,True,False,True,Comunitario,False,True,True,2
157321402,https://www.fotocasa.es/es/comprar/vivienda/madrid-capital/parking-terraza-ascensor-piscina-piscina/157321402/d,fotocasa,0,1,370000,4,120,0,barajas,madrid-capital,2021-1-6,C,True,True,False,Privado,False,False,True,3
156917341,https://www.fotocasa.es/es/comprar/vivienda/madrid-capital/aire-acondicionado-calefaccion-parking-ascensor/156917341/d,fotocasa,0,1,369000,3,138,1,barajas,madrid-capital,2021-1-6,C,True,False,False,Privado,False,True,False,2
158315402,https://www.fotocasa.es/es/comprar/vivienda/madrid-capital/calefaccion-parking-jardin-terraza-trastero-zona-comunitaria-ascensor-piscina/158315402/d,fotocasa,0,1,422200,3,118,1,barajas,madrid-capital,2021-1-6,C,True,True,True,Privado,False,False,True,2
157316657,https://www.fotocasa.es/es/comprar/vivienda/madrid-capital/aire-acondicionado-calefaccion-terraza/157316657/d,fotocasa,0,1,195000,3,69,2,barajas,madrid-capital,2021-1-6,C,False,True,False,No-detallado,False,True,False,1
158150872,https://www.fotocasa.es/es/comprar/vivienda/madrid-capital/aire-acondicionado-calefaccion-parking-jardin-terraza-trastero-no-amueblado/158150872/d,fotocasa,0,1,798900,4,262,0,barajas,madrid-capital,2021-1-6,C,False,True,True,Privado,False,True,False,3
153232582,https://www.fotocasa.es/es/comprar/vivienda/madrid-capital/aire-acondicionado-calefaccion-parking-jardin-terraza-patio-piscina-internet/153232582/d,fotocasa,0,1,895000,5,407,0,barajas,madrid-capital,2021-1-6,C,False,True,False,Privado,True,True,True,3
156290784,https://www.fotocasa.es/es/comprar/vivienda/madrid-capital/jardin-ascensor-piscina/156290784/d,fotocasa,0,1,345000,3,114,0,barajas,madrid-capital,2021-1-6,C,True,False,False,No-detallado,False,False,True,2
158393478,https://www.fotocasa.es/es/comprar/vivienda/madrid-capital/alameda-de-osuna/158393478/d,fotocasa,0,1,775000,4,369,0,barajas,madrid-capital,2021-1-6,C,False,False,False,No-detallado,False,False,False,5
157086531,https://www.fotocasa.es/es/comprar/vivienda/madrid-capital/aire-acondicionado-calefaccion-parking-jardin-trastero-piscina-no-amueblado/157086531/d,fotocasa,0,1,742000,4,296,0,barajas,madrid-capital,2021-1-6,C,False,False,True,Privado,False,True,True,3
157638488,https://www.fotocasa.es/es/comprar/vivienda/madrid-capital/aire-acondicionado-calefaccion-parking-jardin-terraza-zona-comunitaria-ascensor-piscina-amueblado-parking-television-se-aceptan-mascotas-internet-piscina/157638488/d,fotocasa,0,1,554000,4,158,1,barajas,madrid-capital,2021-1-6,C,True,True,False,Privado,False,True,True,3
149664629,https://www.fotocasa.es/es/comprar/vivienda/madrid-capital/calefaccion-jardin-terraza-ascensor-piscina/149664629/d,fotocasa,0,1,280000,3,102,1,barajas,madrid-capital,2021-1-6,C,True,True,False,No-detallado,False,False,True,2
157166349,https://www.fotocasa.es/es/comprar/vivienda/madrid-capital/aire-acondicionado-calefaccion-parking-terraza-trastero-patio-no-amueblado/157166349/d,fotocasa,0,1,820000,5,297,0,barajas,madrid-capital,2021-1-6,C,False,True,True,Privado,False,True,False,3
158381390,https://www.fotocasa.es/es/comprar/vivienda/madrid-capital/calefaccion-terraza-zona-comunitaria-ascensor-parking/158381390/d,fotocasa,0,1,235000,2,78,0,barajas,madrid-capital,2021-1-6,C,True,True,False,Comunitario,False,False,False,2
157913093,https://www.fotocasa.es/es/comprar/vivienda/madrid-capital/trastero-zona-comunitaria-ascensor-piscina-parking-piscina/157913093/d,fotocasa,0,1,435000,3,142,2,barajas,madrid-capital,2021-1-6,C,True,False,True,Comunitario,True,False,True,2
158162285,https://www.fotocasa.es/es/comprar/vivienda/madrid-capital/jardin-ascensor-parking/158162285/d,fotocasa,0,1,194000,1,50,0,barajas,madrid-capital,2021-1-6,C,True,False,False,Comunitario,False,False,False,1
157832051,https://www.fotocasa.es/es/comprar/vivienda/madrid-capital/aire-acondicionado-calefaccion-jardin-terraza-zona-comunitaria-patio-amueblado-parking-television-se-aceptan-mascotas-internet/157832051/d,fotocasa,0,1,167000,3,77,2,barajas,madrid-capital,2021-1-6,C,False,True,False,Comunitario,True,True,False,1
158374888,https://www.fotocasa.es/es/comprar/vivienda/madrid-capital/aire-acondicionado-calefaccion-ascensor/158374888/d,fotocasa,0,1,138000,0,35,3,barajas,madrid-capital,2021-1-6,C,True,False,False,No-detallado,False,True,False,1
139859396,https://www.fotocasa.es/es/comprar/vivienda/madrid-capital/aire-acondicionado-calefaccion-parking-jardin-terraza-trastero/139859396/d,fotocasa,0,1,590000,4,300,0,barajas,madrid-capital,2021-1-6,C,False,True,True,Privado,False,True,False,5
158367368,https://www.fotocasa.es/es/comprar/vivienda/madrid-capital/calefaccion-trastero-ascensor-parking/158367368/d,fotocasa,0,1,422200,3,117,1,barajas,madrid-capital,2021-1-6,C,True,False,True,Comunitario,False,False,False,2
156757187,https://www.fotocasa.es/es/comprar/vivienda/madrid-capital/aire-acondicionado-parking-terraza-trastero-ascensor-piscina-parking/156757187/d,fotocasa,0,1,649000,4,187,0,barajas,madrid-capital,2021-1-6,C,True,True,True,Privado,False,True,True,2
154588212,https://www.fotocasa.es/es/comprar/vivienda/madrid-capital/calefaccion-jardin-terraza-trastero/154588212/d,fotocasa,0,1,750000,3,245,0,barajas,madrid-capital,2021-1-6,C,False,True,True,No-detallado,False,False,False,3
153920718,https://www.fotocasa.es/es/comprar/vivienda/madrid-capital/calefaccion-jardin-terraza-trastero/153920718/d,fotocasa,0,1,720000,3,298,0,barajas,madrid-capital,2021-1-6,C,False,True,True,No-detallado,False,False,False,3
153921138,https://www.fotocasa.es/es/comprar/vivienda/madrid-capital/terraza-trastero/153921138/d,fotocasa,0,1,700000,3,272,0,barajas,madrid-capital,2021-1-6,C,False,True,True,No-detallado,False,False,False,3
153920995,https://www.fotocasa.es/es/comprar/vivienda/madrid-capital/terraza-trastero/153920995/d,fotocasa,0,1,780000,3,270,0,barajas,madrid-capital,2021-1-6,C,False,True,True,No-detallado,False,False,False,3
157241613,https://www.fotocasa.es/es/comprar/vivienda/madrid-capital/aire-acondicionado-calefaccion-parking-terraza-trastero-zona-comunitaria-ascensor-parking-no-amueblado/157241613/d,fotocasa,0,1,280000,2,70,1,barajas,madrid-capital,2021-1-6,C,True,True,True,Privado,False,True,False,1
158128302,https://www.fotocasa.es/es/comprar/vivienda/madrid-capital/calefaccion-ascensor-piscina-no-amueblado/158128302/d,fotocasa,0,1,265000,2,70,1,barajas,madrid-capital,2021-1-6,C,True,False,False,No-detallado,False,False,True,1
157659783,https://www.fotocasa.es/es/comprar/vivienda/madrid-capital/calefaccion-terraza-trastero-patio/157659783/d,fotocasa,0,1,245000,2,82,3,barajas,madrid-capital,2021-1-6,C,False,True,True,No-detallado,False,False,False,1
156195088,https://www.fotocasa.es/es/comprar/vivienda/madrid-capital/aire-acondicionado-calefaccion-terraza-trastero-zona-comunitaria-ascensor-parking-piscina/156195088/d,fotocasa,0,1,690000,3,153,6,barajas,madrid-capital,2021-1-6,C,True,True,True,Comunitario,False,True,True,2
157297573,https://www.fotocasa.es/es/comprar/vivienda/madrid-capital/calefaccion-parking-amueblado/157297573/d,fotocasa,0,1,159000,1,62,2,barajas,madrid-capital,2021-1-6,C,False,False,False,Privado,False,False,False,1
156282302,https://www.fotocasa.es/es/comprar/vivienda/madrid-capital/calefaccion-parking-terraza-trastero-ascensor-piscina-piscina/156282302/d,fotocasa,0,1,415000,4,125,5,barajas,madrid-capital,2021-1-6,C,True,True,True,Privado,False,False,True,2
158311466,https://www.fotocasa.es/es/comprar/vivienda/madrid-capital/calefaccion-parking-jardin-terraza-trastero-piscina/158311466/d,fotocasa,0,1,655000,3,235,0,barajas,madrid-capital,2021-1-6,C,False,True,True,Privado,False,False,True,4
156591464,https://www.fotocasa.es/es/comprar/vivienda/madrid-capital/aire-acondicionado-ascensor-parking/156591464/d,fotocasa,0,1,258000,2,65,1,barajas,madrid-capital,2021-1-6,C,True,False,False,Comunitario,False,True,False,2
154814869,https://www.fotocasa.es/es/comprar/vivienda/madrid-capital/terraza/154814869/d,fotocasa,0,1,240000,4,100,1,barajas,madrid-capital,2021-1-6,C,False,True,False,No-detallado,False,False,False,1
158108305,https://www.fotocasa.es/es/comprar/vivienda/madrid-capital/calefaccion-terraza-zona-comunitaria-ascensor-piscina-no-amueblado/158108305/d,fotocasa,0,1,330000,1,100,4,barajas,madrid-capital,2021-1-6,C,True,True,False,No-detallado,False,False,True,1
157425605,https://www.fotocasa.es/es/comprar/vivienda/madrid-capital/calefaccion-trastero-ascensor/157425605/d,fotocasa,0,1,280000,2,60,0,barajas,madrid-capital,2021-1-6,C,True,False,True,No-detallado,False,False,False,2
157513079,https://www.fotocasa.es/es/comprar/vivienda/madrid-capital/calefaccion-parking-trastero-zona-comunitaria-ascensor-piscina-no-amueblado/157513079/d,fotocasa,0,1,420000,3,115,1,barajas,madrid-capital,2021-1-6,C,True,False,True,Privado,False,False,True,2
158285221,https://www.fotocasa.es/es/comprar/vivienda/madrid-capital/aire-acondicionado-calefaccion-jardin-terraza-patio/158285221/d,fotocasa,0,1,750000,4,338,0,barajas,madrid-capital,2021-1-6,C,False,True,False,No-detallado,False,True,False,4
158074577,https://www.fotocasa.es/es/comprar/vivienda/madrid-capital/calefaccion-parking-jardin-terraza-trastero-no-amueblado/158074577/d,fotocasa,0,1,780000,6,223,0,barajas,madrid-capital,2021-1-6,C,False,True,True,Privado,False,False,False,4
149709792,https://www.fotocasa.es/es/comprar/vivienda/madrid-capital/aire-acondicionado-calefaccion-trastero-zona-comunitaria-ascensor-parking-piscina/149709792/d,fotocasa,0,1,405000,3,115,0,barajas,madrid-capital,2021-1-6,C,True,False,True,Comunitario,False,True,True,2
158369298,https://www.fotocasa.es/es/comprar/vivienda/madrid-capital/calefaccion-jardin-terraza-ascensor/158369298/d,fotocasa,0,1,245000,2,88,0,barajas,madrid-capital,2021-1-6,C,True,True,False,No-detallado,False,False,False,2
157812907,https://www.fotocasa.es/es/comprar/vivienda/madrid-capital/aire-acondicionado-calefaccion-parking-jardin-terraza-trastero-ascensor/157812907/d,fotocasa,0,1,440000,2,104,3,barajas,madrid-capital,2021-1-6,C,True,True,True,Privado,True,True,False,2
156878970,https://www.fotocasa.es/es/comprar/vivienda/madrid-capital/calefaccion-parking-trastero-ascensor/156878970/d,fotocasa,0,1,0,1,49,0,barajas,madrid-capital,2021-1-6,C,True,False,True,Privado,False,False,False,1
158318614,https://www.fotocasa.es/es/comprar/vivienda/madrid-capital/aire-acondicionado-calefaccion-parking-terraza-zona-comunitaria-ascensor-no-amueblado/158318614/d,fotocasa,0,1,430000,4,135,5,barajas,madrid-capital,2021-1-6,C,True,True,False,Privado,False,True,False,2
158316775,https://www.fotocasa.es/es/comprar/vivienda/madrid-capital/terraza-trastero-zona-comunitaria-ascensor-parking-piscina/158316775/d,fotocasa,0,1,422000,3,117,1,barajas,madrid-capital,2021-1-6,C,True,True,True,Comunitario,False,False,True,2
157925805,https://www.fotocasa.es/es/comprar/vivienda/madrid-capital/calefaccion-trastero-zona-comunitaria-patio-no-amueblado/157925805/d,fotocasa,0,1,205000,2,72,1,barajas,madrid-capital,2021-1-6,C,False,False,True,No-detallado,False,False,False,1
156894796,https://www.fotocasa.es/es/comprar/vivienda/madrid-capital/aire-acondicionado-calefaccion-terraza-no-amueblado/156894796/d,fotocasa,0,1,299000,3,89,0,barajas,madrid-capital,2021-1-6,C,False,True,False,No-detallado,False,True,False,2
158265517,https://www.fotocasa.es/es/comprar/vivienda/madrid-capital/aire-acondicionado-calefaccion-parking-jardin-terraza-trastero-patio-se-aceptan-mascotas/158265517/d,fotocasa,0,1,596000,5,315,0,barajas,madrid-capital,2021-1-6,C,False,True,True,Privado,True,True,False,4
157637434,https://www.fotocasa.es/es/comprar/vivienda/madrid-capital/aire-acondicionado-calefaccion-parking-jardin-terraza-zona-comunitaria-ascensor-piscina-amueblado-internet-piscina/157637434/d,fotocasa,0,1,554000,4,158,1,barajas,madrid-capital,2021-1-6,C,True,True,False,Privado,True,True,True,3
158089573,https://www.fotocasa.es/es/comprar/vivienda/madrid-capital/aire-acondicionado-calefaccion-parking-jardin-terraza-trastero-patio-se-aceptan-mascotas/158089573/d,fotocasa,0,1,690000,4,326,0,barajas,madrid-capital,2021-1-6,C,False,True,True,Privado,True,True,False,4
157870913,https://www.fotocasa.es/es/comprar/vivienda/madrid-capital/aire-acondicionado-calefaccion-terraza-trastero-zona-comunitaria-ascensor-parking-no-amueblado/157870913/d,fotocasa,0,1,650000,4,186,5,barajas,madrid-capital,2021-1-6,C,True,True,True,Comunitario,False,True,False,3
157241582,https://www.fotocasa.es/es/comprar/vivienda/madrid-capital/aire-acondicionado-calefaccion-parking-trastero-ascensor-piscina-parking-piscina-no-amueblado/157241582/d,fotocasa,0,1,279000,2,61,4,barajas,madrid-capital,2021-1-6,C,True,False,True,Privado,False,True,True,2
158288103,https://www.fotocasa.es/es/comprar/vivienda/madrid-capital/aire-acondicionado-calefaccion-jardin-zona-comunitaria-ascensor-amueblado-internet-piscina/158288103/d,fotocasa,0,1,369000,3,85,0,barajas,madrid-capital,2021-1-6,C,True,False,False,No-detallado,False,True,True,2
157403381,https://www.fotocasa.es/es/comprar/vivienda/madrid-capital/terraza/157403381/d,fotocasa,0,1,195000,3,65,0,barajas,madrid-capital,2021-1-6,C,False,True,False,No-detallado,False,False,False,1
157927982,https://www.fotocasa.es/es/comprar/vivienda/madrid-capital/aire-acondicionado-calefaccion-terraza-zona-comunitaria-ascensor-piscina-internet/157927982/d,fotocasa,0,1,440000,3,114,2,barajas,madrid-capital,2021-1-6,C,True,True,False,No-detallado,False,True,True,2
157367202,https://www.fotocasa.es/es/comprar/vivienda/madrid-capital/aire-acondicionado-parking-ascensor/157367202/d,fotocasa,0,1,272000,2,76,1,barajas,madrid-capital,2021-1-6,C,True,False,False,Privado,False,True,False,1
157365972,https://www.fotocasa.es/es/comprar/vivienda/madrid-capital/aire-acondicionado-calefaccion-terraza/157365972/d,fotocasa,0,1,197000,3,74,2,barajas,madrid-capital,2021-1-6,C,False,True,False,No-detallado,False,True,False,1
157560230,https://www.fotocasa.es/es/comprar/vivienda/madrid-capital/aire-acondicionado-calefaccion-parking-ascensor-parking/157560230/d,fotocasa,0,1,290000,3,89,1,barajas,madrid-capital,2021-1-6,C,True,False,False,Privado,False,True,False,2
157257692,https://www.fotocasa.es/es/comprar/vivienda/madrid-capital/aire-acondicionado-calefaccion-parking-jardin-parking/157257692/d,fotocasa,0,1,655000,4,151,0,barajas,madrid-capital,2021-1-6,C,False,False,False,Privado,False,True,False,2
158094261,https://www.fotocasa.es/es/comprar/vivienda/madrid-capital/calefaccion-terraza/158094261/d,fotocasa,0,1,172000,3,60,2,barajas,madrid-capital,2021-1-6,C,False,True,False,No-detallado,False,False,False,1
157864618,https://www.fotocasa.es/es/comprar/vivienda/madrid-capital/calefaccion/157864618/d,fotocasa,0,1,164000,2,64,2,barajas,madrid-capital,2021-1-6,C,False,False,False,No-detallado,False,False,False,1
157560299,https://www.fotocasa.es/es/comprar/vivienda/madrid-capital/calefaccion-terraza/157560299/d,fotocasa,0,1,185000,3,70,1,barajas,madrid-capital,2021-1-6,C,False,True,False,No-detallado,False,False,False,1
157483170,https://www.fotocasa.es/es/comprar/vivienda/madrid-capital/calefaccion-parking-ascensor-parking/157483170/d,fotocasa,0,1,150500,0,31,0,barajas,madrid-capital,2021-1-6,C,True,False,False,Privado,False,False,False,1
157316660,https://www.fotocasa.es/es/comprar/vivienda/madrid-capital/aire-acondicionado/157316660/d,fotocasa,0,1,205000,2,72,2,barajas,madrid-capital,2021-1-6,C,False,False,False,No-detallado,False,True,False,2
157316657,https://www.fotocasa.es/es/comprar/vivienda/madrid-capital/aire-acondicionado-calefaccion-terraza/157316657/d,fotocasa,0,1,195000,3,69,2,barajas,madrid-capital,2021-1-6,C,False,True,False,No-detallado,False,True,False,1
157560303,https://www.fotocasa.es/es/comprar/vivienda/madrid-capital/calefaccion-patio/157560303/d,fotocasa,0,1,195000,3,59,0,barajas,madrid-capital,2021-1-6,C,False,False,False,No-detallado,False,False,False,1
157354679,https://www.fotocasa.es/es/comprar/vivienda/madrid-capital/aire-acondicionado-calefaccion-terraza/157354679/d,fotocasa,0,1,268000,3,96,1,barajas,madrid-capital,2021-1-6,C,False,True,False,No-detallado,False,True,False,2
158159172,https://www.fotocasa.es/es/comprar/vivienda/madrid-capital/calefaccion-trastero/158159172/d,fotocasa,0,1,239000,3,86,2,barajas,madrid-capital,2021-1-6,C,False,False,True,No-detallado,False,False,False,2
158277493,https://www.fotocasa.es/es/comprar/vivienda/madrid-capital/aire-acondicionado-jardin-trastero-piscina/158277493/d,fotocasa,0,1,565000,4,125,0,barajas,madrid-capital,2021-1-6,C,False,False,True,No-detallado,False,True,True,3
154856235,https://www.fotocasa.es/es/comprar/vivienda/madrid-capital/calefaccion-parking-terraza-zona-comunitaria-ascensor-amueblado-parking-internet/154856235/d,fotocasa,0,1,649000,5,231,9,barajas,madrid-capital,2021-1-6,C,True,True,False,Privado,True,False,False,5
157638662,https://www.fotocasa.es/es/comprar/vivienda/madrid-capital/aire-acondicionado-calefaccion-parking-jardin-terraza-zona-comunitaria-ascensor-piscina-parking-internet-piscina-no-amueblado/157638662/d,fotocasa,0,1,554000,4,158,1,barajas,madrid-capital,2021-1-6,C,True,True,False,Privado,False,True,True,3
157393975,https://www.fotocasa.es/es/comprar/vivienda/madrid-capital/aire-acondicionado-calefaccion-parking-trastero-zona-comunitaria-ascensor-piscina-amueblado-parking-television-se-aceptan-mascotas-internet-piscina/157393975/d,fotocasa,0,1,562000,4,140,3,barajas,madrid-capital,2021-1-6,C,True,False,True,Privado,False,True,True,2
152688210,https://www.fotocasa.es/es/comprar/vivienda/madrid-capital/calefaccion-terraza-ascensor/152688210/d,fotocasa,0,1,320000,3,100,1,barajas,madrid-capital,2021-1-6,C,True,True,False,No-detallado,False,False,False,2
158207857,https://www.fotocasa.es/es/comprar/vivienda/madrid-capital/aire-acondicionado-trastero-zona-comunitaria-piscina-parking-internet-piscina-no-amueblado/158207857/d,fotocasa,0,1,435000,2,100,2,barajas,madrid-capital,2021-1-6,C,False,False,True,Comunitario,False,True,True,2
157215713,https://www.fotocasa.es/es/comprar/vivienda/madrid-capital/terraza/157215713/d,fotocasa,0,1,180000,3,79,2,barajas,madrid-capital,2021-1-6,C,False,True,False,No-detallado,False,False,False,1
157672793,https://www.fotocasa.es/es/comprar/vivienda/madrid-capital/aire-acondicionado-calefaccion-parking-jardin-terraza-trastero-patio/157672793/d,fotocasa,0,1,575000,5,226,0,barajas,madrid-capital,2021-1-6,C,False,True,True,Privado,False,True,False,3
154906944,https://www.fotocasa.es/es/comprar/vivienda/madrid-capital/aire-acondicionado/154906944/d,fotocasa,0,1,168000,0,45,0,barajas,madrid-capital,2021-1-6,C,False,False,False,No-detallado,False,True,False,1
157978549,https://www.fotocasa.es/es/comprar/vivienda/madrid-capital/aire-acondicionado-calefaccion-parking-terraza-ascensor-piscina/157978549/d,fotocasa,0,1,290000,2,82,3,barajas,madrid-capital,2021-1-6,C,True,True,False,Privado,False,True,True,2
158075700,https://www.fotocasa.es/es/comprar/vivienda/madrid-capital/calefaccion-parking-ascensor-amueblado/158075700/d,fotocasa,0,1,325000,3,94,3,barajas,madrid-capital,2021-1-6,C,True,False,False,Privado,False,False,False,2
158253030,https://www.fotocasa.es/es/comprar/vivienda/madrid-capital/timon/158253030/d,fotocasa,0,1,212000,2,80,0,barajas,madrid-capital,2021-1-6,C,False,False,False,No-detallado,False,False,False,0
155580055,https://www.fotocasa.es/es/comprar/vivienda/madrid-capital/aire-acondicionado-calefaccion-jardin-terraza-trastero-zona-comunitaria-ascensor-piscina-piscina/155580055/d,fotocasa,0,1,430000,4,122,3,barajas,madrid-capital,2021-1-6,C,True,True,True,No-detallado,False,True,True,3
157887849,https://www.fotocasa.es/es/comprar/vivienda/madrid-capital/calefaccion-parking-jardin-terraza-trastero-no-amueblado/157887849/d,fotocasa,0,1,735000,4,413,0,barajas,madrid-capital,2021-1-6,C,False,True,True,Privado,True,False,False,3
158062110,https://www.fotocasa.es/es/comprar/vivienda/madrid-capital/aire-acondicionado-calefaccion-parking-terraza-ascensor-piscina-no-amueblado/158062110/d,fotocasa,0,1,554000,4,158,0,barajas,madrid-capital,2021-1-6,C,True,True,False,Privado,False,True,True,3
153011878,https://www.fotocasa.es/es/comprar/vivienda/madrid-capital/parking-ascensor/153011878/d,fotocasa,0,1,184900,1,50,1,barajas,madrid-capital,2021-1-6,C,True,False,False,Privado,False,False,False,1
155868016,https://www.fotocasa.es/es/comprar/vivienda/madrid-capital/timon/155868016/d,fotocasa,0,1,162000,3,72,0,barajas,madrid-capital,2021-1-6,C,False,False,False,No-detallado,False,False,False,1
157809281,https://www.fotocasa.es/es/comprar/vivienda/madrid-capital/aire-acondicionado-calefaccion/157809281/d,fotocasa,0,1,155200,1,56,0,barajas,madrid-capital,2021-1-6,C,False,False,False,No-detallado,False,True,False,1
157857352,https://www.fotocasa.es/es/comprar/vivienda/madrid-capital/calefaccion-parking-ascensor-piscina/157857352/d,fotocasa,0,1,430000,3,96,5,barajas,madrid-capital,2021-1-6,C,True,False,False,Privado,False,False,True,2
153807256,https://www.fotocasa.es/es/comprar/vivienda/madrid-capital/aire-acondicionado-calefaccion-parking-trastero/153807256/d,fotocasa,0,1,595000,4,248,0,barajas,madrid-capital,2021-1-6,C,False,False,True,Privado,False,True,False,3
157856323,https://www.fotocasa.es/es/comprar/vivienda/madrid-capital/aire-acondicionado-parking-trastero-zona-comunitaria-ascensor-piscina/157856323/d,fotocasa,0,1,460000,3,130,6,barajas,madrid-capital,2021-1-6,C,True,False,True,Privado,False,True,True,2
157671444,https://www.fotocasa.es/es/comprar/vivienda/madrid-capital/parking-terraza-trastero-ascensor-amueblado/157671444/d,fotocasa,0,1,410000,4,140,0,barajas,madrid-capital,2021-1-6,C,True,True,True,Privado,False,False,False,2
158247201,https://www.fotocasa.es/es/comprar/vivienda/madrid-capital/calefaccion-terraza-ascensor/158247201/d,fotocasa,0,1,330000,3,90,6,barajas,madrid-capital,2021-1-6,C,True,True,False,No-detallado,False,False,False,1
158246602,https://www.fotocasa.es/es/comprar/vivienda/madrid-capital/aire-acondicionado-calefaccion-parking-jardin-trastero-ascensor/158246602/d,fotocasa,0,1,825000,5,170,0,barajas,madrid-capital,2021-1-6,C,True,False,True,Privado,False,True,False,2
151573334,https://www.fotocasa.es/es/comprar/vivienda/madrid-capital/terraza-zona-comunitaria-ascensor-piscina/151573334/d,fotocasa,0,1,280000,3,102,1,barajas,madrid-capital,2021-1-6,C,True,True,False,No-detallado,False,False,True,2
157951495,https://www.fotocasa.es/es/comprar/vivienda/madrid-capital/aire-acondicionado-calefaccion-parking-trastero-ascensor-piscina-parking-piscina/157951495/d,fotocasa,0,1,425000,2,105,2,barajas,madrid-capital,2021-1-6,C,True,False,True,Privado,False,True,True,2
156772393,https://www.fotocasa.es/es/comprar/vivienda/madrid-capital/ascensor/156772393/d,fotocasa,0,1,174000,1,51,0,barajas,madrid-capital,2021-1-6,C,True,False,False,No-detallado,False,False,False,1
144448539,https://www.fotocasa.es/es/comprar/vivienda/madrid-capital/aire-acondicionado-calefaccion-ascensor/144448539/d,fotocasa,0,1,212000,2,85,0,barajas,madrid-capital,2021-1-6,C,True,False,False,No-detallado,False,True,False,1
157284588,https://www.fotocasa.es/es/comprar/vivienda/madrid-capital/calefaccion-parking-jardin-terraza-trastero-patio-se-aceptan-mascotas-internet-no-amueblado/157284588/d,fotocasa,0,1,830000,9,425,0,barajas,madrid-capital,2021-1-6,C,False,True,True,Privado,True,False,False,10
157285222,https://www.fotocasa.es/es/comprar/vivienda/madrid-capital/aire-acondicionado-calefaccion-jardin-terraza-ascensor-television-se-aceptan-mascotas-internet/157285222/d,fotocasa,0,1,195000,3,90,6,barajas,madrid-capital,2021-1-6,C,True,True,False,No-detallado,True,True,False,1
157591954,https://www.fotocasa.es/es/comprar/vivienda/madrid-capital/parking-jardin-terraza-trastero/157591954/d,fotocasa,0,1,699000,5,413,0,barajas,madrid-capital,2021-1-6,C,False,True,True,Privado,False,False,False,3
158223121,https://www.fotocasa.es/es/comprar/vivienda/madrid-capital/aire-acondicionado-calefaccion-jardin-zona-comunitaria-ascensor-piscina-piscina/158223121/d,fotocasa,0,1,380000,3,110,0,barajas,madrid-capital,2021-1-6,A,True,False,False,No-detallado,False,True,True,2
157621849,https://www.fotocasa.es/es/comprar/vivienda/madrid-capital/calefaccion-terraza-trastero-ascensor-parking-no-amueblado/157621849/d,fotocasa,0,1,299000,4,127,1,barajas,madrid-capital,2021-1-6,C,True,True,True,Comunitario,False,False,False,2
158214067,https://www.fotocasa.es/es/comprar/vivienda/madrid-capital/aire-acondicionado-calefaccion-terraza-trastero-zona-comunitaria-ascensor-parking-internet-piscina/158214067/d,fotocasa,0,1,330000,2,100,4,barajas,madrid-capital,2021-1-6,C,True,True,True,Comunitario,False,True,True,1
157365952,https://www.fotocasa.es/es/comprar/vivienda/madrid-capital/calefaccion-trastero-ascensor/157365952/d,fotocasa,0,1,172000,1,41,3,barajas,madrid-capital,2021-1-6,C,True,False,True,No-detallado,False,False,False,1
158089164,https://www.fotocasa.es/es/comprar/vivienda/madrid-capital/calefaccion-parking-trastero-ascensor/158089164/d,fotocasa,0,1,275000,2,74,1,barajas,madrid-capital,2021-1-6,C,True,False,True,Privado,False,False,False,2
157559833,https://www.fotocasa.es/es/comprar/vivienda/madrid-capital/calefaccion-parking-trastero-ascensor/157559833/d,fotocasa,0,1,280000,2,70,2,barajas,madrid-capital,2021-1-6,C,True,False,True,Privado,False,False,False,2
157367298,https://www.fotocasa.es/es/comprar/vivienda/madrid-capital/aire-acondicionado-calefaccion-parking-jardin-ascensor-parking/157367298/d,fotocasa,0,1,329000,3,117,1,barajas,madrid-capital,2021-1-6,C,True,False,False,Privado,False,True,False,2
158212035,https://www.fotocasa.es/es/comprar/vivienda/madrid-capital/aire-acondicionado-calefaccion-parking-jardin-trastero-zona-comunitaria-ascensor-piscina-amueblado-parking-se-aceptan-mascotas/158212035/d,fotocasa,0,1,272000,1,75,1,barajas,madrid-capital,2021-1-6,C,True,False,True,Privado,False,True,True,1
158211888,https://www.fotocasa.es/es/comprar/vivienda/madrid-capital/aire-acondicionado-calefaccion-parking-jardin-trastero-zona-comunitaria-ascensor-piscina-amueblado-parking-se-aceptan-mascotas-piscina/158211888/d,fotocasa,0,1,263000,1,75,1,barajas,madrid-capital,2021-1-6,C,True,False,True,Privado,False,True,True,1
158211007,https://www.fotocasa.es/es/comprar/vivienda/madrid-capital/aire-acondicionado-calefaccion/158211007/d,fotocasa,0,1,204000,2,82,0,barajas,madrid-capital,2021-1-6,C,False,False,False,No-detallado,False,True,False,2
156186056,https://www.fotocasa.es/es/comprar/vivienda/madrid-capital/aire-acondicionado-calefaccion-parking-terraza-trastero-no-amueblado/156186056/d,fotocasa,0,1,595000,4,248,0,barajas,madrid-capital,2021-1-6,C,False,True,True,Privado,False,True,False,3
158209127,https://www.fotocasa.es/es/comprar/vivienda/madrid-capital/aire-acondicionado-calefaccion-terraza-zona-comunitaria-piscina-parking/158209127/d,fotocasa,0,1,345000,3,109,1,barajas,madrid-capital,2021-1-6,C,False,True,False,Comunitario,False,True,True,2
158208165,https://www.fotocasa.es/es/comprar/vivienda/madrid-capital/aire-acondicionado-calefaccion-parking-jardin-terraza-trastero-patio-piscina/158208165/d,fotocasa,0,1,785000,5,324,0,barajas,madrid-capital,2021-1-6,C,False,True,True,Privado,False,True,True,4
157560226,https://www.fotocasa.es/es/comprar/vivienda/madrid-capital/calefaccion-parking-trastero-ascensor-piscina-parking-piscina/157560226/d,fotocasa,0,1,315000,2,74,2,barajas,madrid-capital,2021-1-6,C,True,False,True,Privado,False,False,True,2
158201537,https://www.fotocasa.es/es/comprar/vivienda/madrid-capital/aire-acondicionado-calefaccion-parking-jardin-trastero-zona-comunitaria-ascensor-patio-piscina-amueblado-parking-piscina/158201537/d,fotocasa,0,1,280000,2,80,0,barajas,madrid-capital,2021-1-6,C,True,False,True,Privado,False,True,True,1
158172396,https://www.fotocasa.es/es/comprar/vivienda/madrid-capital/aire-acondicionado-calefaccion-parking-terraza-trastero-ascensor-piscina-piscina/158172396/d,fotocasa,0,1,810000,3,200,6,barajas,madrid-capital,2021-1-6,C,True,True,True,Privado,False,True,True,2
157551572,https://www.fotocasa.es/es/comprar/vivienda/madrid-capital/aire-acondicionado-calefaccion-parking-trastero-ascensor-piscina-piscina/157551572/d,fotocasa,0,1,375000,2,99,4,barajas,madrid-capital,2021-1-6,C,True,False,True,Privado,False,True,True,2
158107175,https://www.fotocasa.es/es/comprar/vivienda/madrid-capital/calefaccion/158107175/d,fotocasa,0,1,390000,4,126,0,barajas,madrid-capital,2021-1-6,C,False,False,False,No-detallado,False,False,False,3
158168099,https://www.fotocasa.es/es/comprar/vivienda/madrid-capital/aire-acondicionado-calefaccion-zona-comunitaria-ascensor-piscina/158168099/d,fotocasa,0,1,349000,3,100,0,barajas,madrid-capital,2021-1-6,C,True,False,False,No-detallado,False,True,True,2
157931851,https://www.fotocasa.es/es/comprar/vivienda/madrid-capital/aire-acondicionado-calefaccion-ascensor/157931851/d,fotocasa,0,1,138000,0,35,3,barajas,madrid-capital,2021-1-6,C,True,False,False,No-detallado,False,True,False,1
158096456,https://www.fotocasa.es/es/comprar/vivienda/madrid-capital/aire-acondicionado-zona-comunitaria-ascensor-parking-piscina-no-amueblado/158096456/d,fotocasa,0,1,199000,1,46,0,barajas,madrid-capital,2021-1-6,C,True,False,False,Comunitario,False,True,True,1
158163801,https://www.fotocasa.es/es/comprar/vivienda/madrid-capital/aire-acondicionado-calefaccion-parking-trastero-ascensor-piscina-piscina/158163801/d,fotocasa,0,1,469000,3,129,2,barajas,madrid-capital,2021-1-6,C,True,False,True,Privado,False,True,True,2
154601903,https://www.fotocasa.es/es/comprar/vivienda/madrid-capital/calefaccion-jardin-trastero-amueblado/154601903/d,fotocasa,0,1,750000,3,250,0,barajas,madrid-capital,2021-1-6,C,False,False,True,No-detallado,False,False,False,3
158150860,https://www.fotocasa.es/es/comprar/vivienda/madrid-capital/calefaccion-terraza-ascensor/158150860/d,fotocasa,0,1,310000,3,90,0,barajas,madrid-capital,2021-1-6,C,True,True,False,No-detallado,False,False,False,1
157580080,https://www.fotocasa.es/es/comprar/vivienda/madrid-capital/aire-acondicionado-calefaccion-parking-ascensor-parking/157580080/d,fotocasa,0,1,180000,1,45,1,barajas,madrid-capital,2021-1-6,C,True,False,False,Privado,False,True,False,1
158147376,https://www.fotocasa.es/es/comprar/vivienda/madrid-capital/aire-acondicionado-calefaccion-terraza-zona-comunitaria-ascensor-piscina/158147376/d,fotocasa,0,1,350000,3,110,5,barajas,madrid-capital,2021-1-6,C,True,True,False,No-detallado,False,True,True,2
158146766,https://www.fotocasa.es/es/comprar/vivienda/madrid-capital/aire-acondicionado-parking-terraza-trastero-zona-comunitaria-ascensor-piscina-no-amueblado/158146766/d,fotocasa,0,1,480000,3,150,0,barajas,madrid-capital,2021-1-6,C,True,True,True,Privado,False,True,True,2
158139978,https://www.fotocasa.es/es/comprar/vivienda/madrid-capital/aire-acondicionado-calefaccion-terraza-trastero-zona-comunitaria-ascensor-parking-piscina/158139978/d,fotocasa,0,1,575000,4,149,2,barajas,madrid-capital,2021-1-6,C,True,True,True,Comunitario,False,True,True,2
156024448,https://www.fotocasa.es/es/comprar/vivienda/madrid-capital/calefaccion-parking-terraza-trastero-zona-comunitaria/156024448/d,fotocasa,0,1,234000,2,95,0,barajas,madrid-capital,2021-1-6,C,False,True,True,Privado,False,False,False,2
153506348,https://www.fotocasa.es/es/comprar/vivienda/madrid-capital/parking-trastero-zona-comunitaria-ascensor-piscina-no-amueblado/153506348/d,fotocasa,0,1,320000,3,97,0,barajas,madrid-capital,2021-1-6,C,True,False,True,Privado,False,False,True,2
158136567,https://www.fotocasa.es/es/comprar/vivienda/madrid-capital/aire-acondicionado-calefaccion-terraza-trastero-ascensor-no-amueblado/158136567/d,fotocasa,0,1,199900,1,55,2,barajas,madrid-capital,2021-1-6,B,True,True,True,No-detallado,False,True,False,1
155905287,https://www.fotocasa.es/es/comprar/vivienda/madrid-capital/aire-acondicionado-terraza-zona-comunitaria-ascensor-piscina/155905287/d,fotocasa,0,1,349000,3,117,1,barajas,madrid-capital,2021-1-6,C,True,True,False,No-detallado,False,True,True,2
152695931,https://www.fotocasa.es/es/comprar/vivienda/madrid-capital/aire-acondicionado-parking-trastero-zona-comunitaria-ascensor-piscina/152695931/d,fotocasa,0,1,370000,3,124,4,barajas,madrid-capital,2021-1-6,C,True,False,True,Privado,False,True,True,2
157172891,https://www.fotocasa.es/es/comprar/vivienda/madrid-capital/parking-terraza-trastero-zona-comunitaria-parking-piscina/157172891/d,fotocasa,0,1,865000,5,300,0,barajas,madrid-capital,2021-1-6,C,False,True,True,Privado,False,False,True,3
158131197,https://www.fotocasa.es/es/comprar/vivienda/madrid-capital/calefaccion-parking-terraza-patio/158131197/d,fotocasa,0,1,649000,4,257,0,barajas,madrid-capital,2021-1-6,C,False,True,False,Privado,False,False,False,3
158122914,https://www.fotocasa.es/es/comprar/vivienda/madrid-capital/aire-acondicionado-calefaccion/158122914/d,fotocasa,0,1,130000,2,50,0,barajas,madrid-capital,2021-1-6,C,False,False,False,No-detallado,False,True,False,1
158020621,https://www.fotocasa.es/es/comprar/vivienda/madrid-capital/aire-acondicionado-calefaccion-terraza-zona-comunitaria/158020621/d,fotocasa,0,1,169900,3,75,2,barajas,madrid-capital,2021-1-6,C,False,True,False,No-detallado,False,True,False,1
158047550,https://www.fotocasa.es/es/comprar/vivienda/madrid-capital/aire-acondicionado-calefaccion-parking-jardin-trastero-ascensor-piscina-piscina/158047550/d,fotocasa,0,1,350000,2,96,1,barajas,madrid-capital,2021-1-6,C,True,False,True,Privado,False,True,True,2
156471666,https://www.fotocasa.es/es/comprar/vivienda/madrid-capital/aire-acondicionado/156471666/d,fotocasa,0,1,180000,2,81,0,barajas,madrid-capital,2021-1-6,C,False,False,False,No-detallado,False,True,False,1
156908040,https://www.fotocasa.es/es/comprar/vivienda/madrid-capital/aire-acondicionado-parking-jardin-terraza/156908040/d,fotocasa,0,1,598000,3,227,0,barajas,madrid-capital,2021-1-6,C,False,True,False,Privado,False,True,False,3
158173449,https://www.fotocasa.es/es/comprar/vivienda/madrid-capital/calefaccion-terraza-ascensor-amueblado/158173449/d,fotocasa,0,1,189000,3,85,1,barajas,madrid-capital,2021-1-6,C,True,True,False,No-detallado,False,False,False,1
158099150,https://www.fotocasa.es/es/comprar/vivienda/madrid-capital/calefaccion-terraza-ascensor-no-amueblado/158099150/d,fotocasa,0,1,310000,3,90,0,barajas,madrid-capital,2021-1-6,C,True,True,False,No-detallado,False,False,False,1
158093323,https://www.fotocasa.es/es/comprar/vivienda/madrid-capital/aire-acondicionado-calefaccion-parking-jardin-terraza-trastero-patio-piscina/158093323/d,fotocasa,0,1,785000,5,300,0,barajas,madrid-capital,2021-1-6,B,False,True,True,Privado,False,True,True,4
157560218,https://www.fotocasa.es/es/comprar/vivienda/madrid-capital/calefaccion/157560218/d,fotocasa,0,1,193500,2,60,2,barajas,madrid-capital,2021-1-6,C,False,False,False,No-detallado,False,False,False,1
151922031,https://www.fotocasa.es/es/comprar/vivienda/madrid-capital/terraza-patio/151922031/d,fotocasa,0,1,230000,4,113,0,barajas,madrid-capital,2021-1-6,C,False,True,False,No-detallado,False,False,False,2
158078777,https://www.fotocasa.es/es/comprar/vivienda/madrid-capital/aire-acondicionado-calefaccion-parking-jardin-terraza-trastero-parking-no-amueblado/158078777/d,fotocasa,0,1,690000,4,348,0,barajas,madrid-capital,2021-1-6,C,False,True,True,Privado,False,True,False,4
154869321,https://www.fotocasa.es/es/comprar/vivienda/madrid-capital/calefaccion-parking-jardin-terraza/154869321/d,fotocasa,0,1,685000,6,312,0,barajas,madrid-capital,2021-1-6,C,False,True,False,Privado,False,False,False,5
158070569,https://www.fotocasa.es/es/comprar/vivienda/madrid-capital/alameda-de-osuna/158070569/d,fotocasa,0,1,269500,1,58,2,barajas,madrid-capital,2021-1-6,C,False,False,False,No-detallado,False,False,False,1
157951493,https://www.fotocasa.es/es/comprar/vivienda/madrid-capital/aire-acondicionado-calefaccion-parking-trastero-ascensor-piscina-parking-piscina/157951493/d,fotocasa,0,1,405000,3,130,0,barajas,madrid-capital,2021-1-6,C,True,False,True,Privado,False,True,True,2
158067139,https://www.fotocasa.es/es/comprar/vivienda/madrid-capital/aire-acondicionado-calefaccion-ascensor-no-amueblado/158067139/d,fotocasa,0,1,185000,1,52,0,barajas,madrid-capital,2021-1-6,C,True,False,False,No-detallado,False,True,False,1
157515999,https://www.fotocasa.es/es/comprar/vivienda/madrid-capital/aire-acondicionado-trastero-zona-comunitaria-ascensor-parking-piscina/157515999/d,fotocasa,0,1,375000,2,95,4,barajas,madrid-capital,2021-1-6,C,True,False,True,Comunitario,False,True,True,2
155304153,https://www.fotocasa.es/es/comprar/vivienda/madrid-capital/aire-acondicionado-calefaccion-terraza-trastero-zona-comunitaria-ascensor-parking/155304153/d,fotocasa,0,1,680000,3,120,0,barajas,madrid-capital,2021-1-6,C,True,True,True,Comunitario,True,True,False,3
155920430,https://www.fotocasa.es/es/comprar/vivienda/madrid-capital/aire-acondicionado-calefaccion-parking-ascensor/155920430/d,fotocasa,0,1,320000,2,118,2,barajas,madrid-capital,2021-1-6,C,True,False,False,Privado,False,True,False,1
157241575,https://www.fotocasa.es/es/comprar/vivienda/madrid-capital/aire-acondicionado-calefaccion-parking-trastero-zona-comunitaria-ascensor-piscina-amueblado-parking-piscina/157241575/d,fotocasa,0,1,318900,3,120,0,barajas,madrid-capital,2021-1-6,C,True,False,True,Privado,False,True,True,2
158042336,https://www.fotocasa.es/es/comprar/vivienda/madrid-capital/aire-acondicionado-calefaccion-parking-jardin-terraza-trastero-patio-piscina/158042336/d,fotocasa,0,1,790000,5,250,0,barajas,madrid-capital,2021-1-6,C,False,True,True,Privado,False,True,True,5
157446331,https://www.fotocasa.es/es/comprar/vivienda/madrid-capital/aire-acondicionado-calefaccion-zona-comunitaria-ascensor-parking-piscina/157446331/d,fotocasa,0,1,318900,2,120,0,barajas,madrid-capital,2021-1-6,C,True,False,False,Comunitario,False,True,True,2
158028303,https://www.fotocasa.es/es/comprar/vivienda/madrid-capital/calefaccion-terraza-zona-comunitaria-ascensor-piscina-piscina-no-amueblado/158028303/d,fotocasa,0,1,324500,3,93,3,barajas,madrid-capital,2021-1-6,C,True,True,False,No-detallado,False,False,True,2
158020076,https://www.fotocasa.es/es/comprar/vivienda/madrid-capital/aire-acondicionado-calefaccion-terraza-ascensor/158020076/d,fotocasa,0,1,272000,3,93,6,barajas,madrid-capital,2021-1-6,C,True,True,False,No-detallado,False,True,False,1
157982603,https://www.fotocasa.es/es/comprar/vivienda/madrid-capital/calefaccion-zona-comunitaria-ascensor-parking-piscina/157982603/d,fotocasa,0,1,315000,3,90,0,barajas,madrid-capital,2021-1-6,C,True,False,False,Comunitario,False,False,True,2
157951496,https://www.fotocasa.es/es/comprar/vivienda/madrid-capital/aire-acondicionado-calefaccion-parking-jardin-trastero-piscina/157951496/d,fotocasa,0,1,780000,5,325,0,barajas,madrid-capital,2021-1-6,C,False,False,True,Privado,False,True,True,3
157933650,https://www.fotocasa.es/es/comprar/vivienda/madrid-capital/aire-acondicionado-calefaccion-terraza-zona-comunitaria-ascensor-internet-no-amueblado/157933650/d,fotocasa,0,1,550000,3,156,3,barajas,madrid-capital,2021-1-6,C,True,True,False,No-detallado,False,True,False,2
157186116,https://www.fotocasa.es/es/comprar/vivienda/madrid-capital/calefaccion-parking-jardin-terraza-patio/157186116/d,fotocasa,0,1,780000,7,270,0,barajas,madrid-capital,2021-1-6,C,False,True,False,Privado,True,False,False,4
157508146,https://www.fotocasa.es/es/comprar/vivienda/madrid-capital/aire-acondicionado-calefaccion-parking-terraza-ascensor-piscina/157508146/d,fotocasa,0,1,388000,3,110,3,barajas,madrid-capital,2021-1-6,C,True,True,False,Privado,False,True,True,2
157929944,https://www.fotocasa.es/es/comprar/vivienda/madrid-capital/calefaccion-ascensor-piscina/157929944/d,fotocasa,0,1,350000,2,131,0,barajas,madrid-capital,2021-1-6,C,True,False,False,No-detallado,False,False,True,2
157543604,https://www.fotocasa.es/es/comprar/vivienda/madrid-capital/aire-acondicionado-calefaccion-parking-terraza-trastero-zona-comunitaria-ascensor-piscina-parking-piscina/157543604/d,fotocasa,0,1,630000,3,144,2,barajas,madrid-capital,2021-1-6,C,True,True,True,Privado,True,True,True,2
157830766,https://www.fotocasa.es/es/comprar/vivienda/madrid-capital/aire-acondicionado-calefaccion-terraza-ascensor-no-amueblado/157830766/d,fotocasa,0,1,340000,3,87,0,barajas,madrid-capital,2021-1-6,A,True,True,False,No-detallado,False,True,False,1
157388289,https://www.fotocasa.es/es/comprar/vivienda/madrid-capital/calefaccion-ascensor/157388289/d,fotocasa,0,1,265000,3,90,0,barajas,madrid-capital,2021-1-6,C,True,False,False,No-detallado,False,False,False,2
157404518,https://www.fotocasa.es/es/comprar/vivienda/madrid-capital/aire-acondicionado-calefaccion-parking-terraza-ascensor-amueblado-television-se-aceptan-mascotas-internet/157404518/d,fotocasa,0,1,215000,1,52,3,barajas,madrid-capital,2021-1-6,C,True,True,False,Privado,True,True,False,1
155414597,https://www.fotocasa.es/es/comprar/vivienda/madrid-capital/ascensor/155414597/d,fotocasa,0,1,217000,1,68,1,barajas,madrid-capital,2021-1-6,C,True,False,False,No-detallado,False,False,False,1
155707874,https://www.fotocasa.es/es/comprar/vivienda/madrid-capital/timon/155707874/d,fotocasa,0,1,207000,2,70,3,barajas,madrid-capital,2021-1-6,C,False,False,False,No-detallado,False,False,False,1
155707788,https://www.fotocasa.es/es/comprar/vivienda/madrid-capital/timon/155707788/d,fotocasa,0,1,212000,2,79,0,barajas,madrid-capital,2021-1-6,C,False,False,False,No-detallado,False,False,False,1
155708055,https://www.fotocasa.es/es/comprar/vivienda/madrid-capital/timon/155708055/d,fotocasa,0,1,212000,2,78,0,barajas,madrid-capital,2021-1-6,C,False,False,False,No-detallado,False,False,False,1
155730652,https://www.fotocasa.es/es/comprar/vivienda/madrid-capital/ascensor/155730652/d,fotocasa,0,1,174000,1,61,0,barajas,madrid-capital,2021-1-6,C,True,False,False,No-detallado,False,False,False,1
155678732,https://www.fotocasa.es/es/comprar/vivienda/madrid-capital/ascensor/155678732/d,fotocasa,0,1,217000,2,67,2,barajas,madrid-capital,2021-1-6,C,True,False,False,No-detallado,False,False,False,1
157258677,https://www.fotocasa.es/es/comprar/vivienda/madrid-capital/aire-acondicionado-parking-jardin-terraza-zona-comunitaria-ascensor-se-aceptan-mascotas-internet-piscina/157258677/d,fotocasa,0,1,495000,4,156,5,barajas,madrid-capital,2021-1-6,C,True,True,False,Privado,False,True,True,2
157889575,https://www.fotocasa.es/es/comprar/vivienda/madrid-capital/aire-acondicionado-calefaccion-jardin-terraza-trastero-zona-comunitaria-ascensor-parking-no-amueblado/157889575/d,fotocasa,0,1,450000,2,102,0,barajas,madrid-capital,2021-1-6,B,True,True,True,Comunitario,True,True,False,2
157887676,https://www.fotocasa.es/es/comprar/vivienda/madrid-capital/aire-acondicionado-terraza-ascensor-parking-piscina/157887676/d,fotocasa,0,1,370000,4,105,1,barajas,madrid-capital,2021-1-6,C,True,True,False,Comunitario,False,True,True,2
157877156,https://www.fotocasa.es/es/comprar/vivienda/madrid-capital/aire-acondicionado-calefaccion-parking-jardin-terraza-trastero-piscina-piscina-no-amueblado/157877156/d,fotocasa,0,1,935000,4,275,0,barajas,madrid-capital,2021-1-6,C,False,True,True,Privado,False,True,True,3
157851009,https://www.fotocasa.es/es/comprar/vivienda/madrid-capital/calefaccion-parking-trastero-ascensor/157851009/d,fotocasa,0,1,295000,2,70,2,barajas,madrid-capital,2021-1-6,C,True,False,True,Privado,False,False,False,2
156565635,https://www.fotocasa.es/es/comprar/vivienda/madrid-capital/aire-acondicionado-calefaccion-terraza-trastero-zona-comunitaria-ascensor-parking-piscina/156565635/d,fotocasa,0,1,399000,2,90,3,barajas,madrid-capital,2021-1-6,C,True,True,True,Comunitario,False,True,True,2
157425030,https://www.fotocasa.es/es/comprar/vivienda/madrid-capital/calefaccion-parking-terraza-trastero-ascensor-piscina-piscina/157425030/d,fotocasa,0,1,565000,4,161,3,barajas,madrid-capital,2021-1-6,C,True,True,True,Privado,False,False,True,2
154810495,https://www.fotocasa.es/es/comprar/vivienda/madrid-capital/aire-acondicionado-parking-jardin-terraza-trastero-ascensor/154810495/d,fotocasa,0,1,600000,4,188,1,barajas,madrid-capital,2021-1-6,C,True,True,True,Privado,False,True,False,3
155002485,https://www.fotocasa.es/es/comprar/vivienda/madrid-capital/calefaccion-ascensor/155002485/d,fotocasa,0,1,212000,2,80,0,barajas,madrid-capital,2021-1-6,C,True,False,False,No-detallado,False,False,False,1
157808517,https://www.fotocasa.es/es/comprar/vivienda/madrid-capital/timon/157808517/d,fotocasa,0,1,138000,0,35,0,barajas,madrid-capital,2021-1-6,C,False,False,False,No-detallado,False,False,False,0
157775536,https://www.fotocasa.es/es/comprar/vivienda/madrid-capital/terraza/157775536/d,fotocasa,0,1,158000,3,63,0,barajas,madrid-capital,2021-1-6,C,False,True,False,No-detallado,False,False,False,1
157768811,https://www.fotocasa.es/es/comprar/vivienda/madrid-capital/parking/157768811/d,fotocasa,0,1,115000,1,60,0,barajas,madrid-capital,2021-1-6,C,False,False,False,Comunitario,False,False,False,1
157241587,https://www.fotocasa.es/es/comprar/vivienda/madrid-capital/calefaccion-terraza-zona-comunitaria-ascensor-piscina-amueblado-piscina/157241587/d,fotocasa,0,1,278000,2,83,2,barajas,madrid-capital,2021-1-6,C,True,True,False,No-detallado,False,False,True,2
156265829,https://www.fotocasa.es/es/comprar/vivienda/madrid-capital/aire-acondicionado-parking-jardin-terraza-trastero/156265829/d,fotocasa,0,1,840000,5,255,0,barajas,madrid-capital,2021-1-6,C,False,True,True,Privado,False,True,False,3
156841223,https://www.fotocasa.es/es/comprar/vivienda/madrid-capital/casco-historico-de-barajas/156841223/d,fotocasa,0,1,230000,3,100,0,barajas,madrid-capital,2021-1-6,C,False,False,False,No-detallado,False,False,False,2
157127241,https://www.fotocasa.es/es/comprar/vivienda/madrid-capital/aire-acondicionado-parking-zona-comunitaria-ascensor-piscina/157127241/d,fotocasa,0,1,360000,2,91,4,barajas,madrid-capital,2021-1-6,C,True,False,False,Privado,False,True,True,2
156841569,https://www.fotocasa.es/es/comprar/vivienda/madrid-capital/aire-acondicionado/156841569/d,fotocasa,0,1,176000,3,79,0,barajas,madrid-capital,2021-1-6,C,False,False,False,No-detallado,False,True,False,1
157676444,https://www.fotocasa.es/es/comprar/vivienda/madrid-capital/aire-acondicionado-calefaccion-parking-zona-comunitaria-ascensor/157676444/d,fotocasa,0,1,330000,3,100,0,barajas,madrid-capital,2021-1-6,A,True,False,False,Privado,True,True,False,2
157616221,https://www.fotocasa.es/es/comprar/vivienda/madrid-capital/aire-acondicionado-calefaccion-parking-terraza-parking-no-amueblado/157616221/d,fotocasa,0,1,279000,3,119,2,barajas,madrid-capital,2021-1-6,C,False,True,False,Privado,False,True,False,1
153914538,https://www.fotocasa.es/es/comprar/vivienda/madrid-capital/aire-acondicionado-ascensor-piscina/153914538/d,fotocasa,0,1,330000,3,87,2,barajas,madrid-capital,2021-1-6,C,True,False,False,No-detallado,False,True,True,2
157512411,https://www.fotocasa.es/es/comprar/vivienda/madrid-capital/calefaccion-parking-terraza-zona-comunitaria-ascensor-piscina/157512411/d,fotocasa,0,1,515000,4,126,2,barajas,madrid-capital,2021-1-6,C,True,True,False,Privado,False,False,True,3
156943645,https://www.fotocasa.es/es/comprar/vivienda/madrid-capital/aire-acondicionado-ascensor-piscina-piscina/156943645/d,fotocasa,0,1,365000,3,92,3,barajas,madrid-capital,2021-1-6,C,True,False,False,No-detallado,False,True,True,2
156552793,https://www.fotocasa.es/es/comprar/vivienda/madrid-capital/aire-acondicionado-calefaccion-parking-trastero-ascensor-piscina-piscina/156552793/d,fotocasa,0,1,489000,3,122,3,barajas,madrid-capital,2021-1-6,C,True,False,True,Privado,False,True,True,2
156716945,https://www.fotocasa.es/es/comprar/vivienda/madrid-capital/calefaccion-terraza-ascensor-amueblado/156716945/d,fotocasa,0,1,139000,3,96,4,barajas,madrid-capital,2021-1-6,C,True,True,False,No-detallado,False,False,False,2
157555911,https://www.fotocasa.es/es/comprar/vivienda/madrid-capital/aire-acondicionado-calefaccion-amueblado-internet/157555911/d,fotocasa,0,1,155200,1,50,0,barajas,madrid-capital,2021-1-6,C,False,False,False,No-detallado,False,True,False,1
157163823,https://www.fotocasa.es/es/comprar/vivienda/madrid-capital/aeropuerto/157163823/d,fotocasa,0,1,172900,3,72,0,barajas,madrid-capital,2021-1-6,C,False,False,False,No-detallado,False,False,False,1
157547904,https://www.fotocasa.es/es/comprar/vivienda/madrid-capital/calefaccion-ascensor/157547904/d,fotocasa,0,1,315000,3,107,0,barajas,madrid-capital,2021-1-6,C,True,False,False,No-detallado,False,False,False,2
157540109,https://www.fotocasa.es/es/comprar/vivienda/madrid-capital/calefaccion-patio-parking-no-amueblado/157540109/d,fotocasa,0,1,165000,3,70,0,barajas,madrid-capital,2021-1-6,C,False,False,False,Comunitario,False,False,False,1
156427810,https://www.fotocasa.es/es/comprar/vivienda/madrid-capital/aire-acondicionado-calefaccion-terraza/156427810/d,fotocasa,0,1,212000,3,70,0,barajas,madrid-capital,2021-1-6,C,False,True,False,No-detallado,False,True,False,1
157536894,https://www.fotocasa.es/es/comprar/vivienda/madrid-capital/aire-acondicionado-calefaccion-parking-terraza-zona-comunitaria-ascensor-internet-piscina/157536894/d,fotocasa,0,1,388000,3,100,0,barajas,madrid-capital,2021-1-6,C,True,True,False,Privado,False,True,True,2
156907960,https://www.fotocasa.es/es/comprar/vivienda/madrid-capital/zona-comunitaria-ascensor-no-amueblado/156907960/d,fotocasa,0,1,260000,3,91,0,barajas,madrid-capital,2021-1-6,C,True,False,False,No-detallado,False,False,False,2
157436617,https://www.fotocasa.es/es/comprar/vivienda/madrid-capital/aire-acondicionado-calefaccion-trastero-zona-comunitaria-ascensor-piscina-parking-piscina-no-amueblado/157436617/d,fotocasa,0,1,380000,2,91,0,barajas,madrid-capital,2021-1-6,A,True,False,True,Comunitario,False,True,True,2
153215174,https://www.fotocasa.es/es/comprar/vivienda/madrid-capital/aire-acondicionado-calefaccion-parking-terraza-trastero-zona-comunitaria-ascensor-piscina/153215174/d,fotocasa,0,1,430000,3,160,0,barajas,madrid-capital,2021-1-6,C,True,True,True,Privado,False,True,True,2
157373949,https://www.fotocasa.es/es/comprar/vivienda/madrid-capital/aire-acondicionado-calefaccion-parking-terraza-zona-comunitaria-ascensor-piscina/157373949/d,fotocasa,0,1,554000,4,158,0,barajas,madrid-capital,2021-1-6,C,True,True,False,Privado,False,True,True,3
154144424,https://www.fotocasa.es/es/comprar/vivienda/madrid-capital/timon/154144424/d,fotocasa,0,1,179000,2,68,0,barajas,madrid-capital,2021-1-6,C,False,False,False,No-detallado,False,False,False,1
157364786,https://www.fotocasa.es/es/comprar/vivienda/madrid-capital/aire-acondicionado-calefaccion-trastero-zona-comunitaria-ascensor-amueblado-parking-television-internet-piscina/157364786/d,fotocasa,0,1,355000,2,80,0,barajas,madrid-capital,2021-1-6,C,True,False,True,Comunitario,True,True,True,2
157410255,https://www.fotocasa.es/es/comprar/vivienda/madrid-capital/calefaccion-terraza-ascensor/157410255/d,fotocasa,0,1,340000,3,84,6,barajas,madrid-capital,2021-1-6,C,True,True,False,No-detallado,False,False,False,1
155990499,https://www.fotocasa.es/es/comprar/vivienda/madrid-capital/aire-acondicionado-jardin-terraza-zona-comunitaria-ascensor-patio-parking/155990499/d,fotocasa,0,1,345000,3,111,2,barajas,madrid-capital,2021-1-6,C,True,True,False,Comunitario,False,True,False,2
157241618,https://www.fotocasa.es/es/comprar/vivienda/madrid-capital/aire-acondicionado-calefaccion-trastero-no-amueblado/157241618/d,fotocasa,0,1,255000,3,106,2,barajas,madrid-capital,2021-1-6,C,False,False,True,No-detallado,False,True,False,2
157241606,https://www.fotocasa.es/es/comprar/vivienda/madrid-capital/aire-acondicionado-calefaccion-ascensor-no-amueblado/157241606/d,fotocasa,0,1,199900,1,63,0,barajas,madrid-capital,2021-1-6,B,True,False,False,No-detallado,False,True,False,1
157241601,https://www.fotocasa.es/es/comprar/vivienda/madrid-capital/aire-acondicionado-calefaccion-terraza-zona-comunitaria-ascensor-piscina-piscina-no-amueblado/157241601/d,fotocasa,0,1,283000,2,86,2,barajas,madrid-capital,2021-1-6,C,True,True,False,No-detallado,False,True,True,2
157241599,https://www.fotocasa.es/es/comprar/vivienda/madrid-capital/aire-acondicionado-calefaccion-trastero-no-amueblado/157241599/d,fotocasa,0,1,235000,3,94,2,barajas,madrid-capital,2021-1-6,C,False,False,True,No-detallado,False,True,False,1
157241585,https://www.fotocasa.es/es/comprar/vivienda/madrid-capital/calefaccion-terraza-zona-comunitaria-no-amueblado/157241585/d,fotocasa,0,1,166000,2,53,1,barajas,madrid-capital,2021-1-6,C,False,True,False,No-detallado,False,False,False,1
153949541,https://www.fotocasa.es/es/comprar/vivienda/madrid-capital/patio/153949541/d,fotocasa,0,1,169500,2,79,0,barajas,madrid-capital,2021-1-6,C,False,False,False,No-detallado,False,False,False,1
154044388,https://www.fotocasa.es/es/comprar/vivienda/madrid-capital/aire-acondicionado-calefaccion-terraza-zona-comunitaria-ascensor-piscina-no-amueblado/154044388/d,fotocasa,0,1,283000,2,86,2,barajas,madrid-capital,2021-1-6,C,True,True,False,No-detallado,False,True,True,2
157144141,https://www.fotocasa.es/es/comprar/vivienda/madrid-capital/alameda-de-osuna/157144141/d,fotocasa,0,1,390000,4,126,3,barajas,madrid-capital,2021-1-6,C,False,False,False,No-detallado,False,False,False,2
154858607,https://www.fotocasa.es/es/comprar/vivienda/madrid-capital/aire-acondicionado-parking-trastero-zona-comunitaria-ascensor-piscina/154858607/d,fotocasa,0,1,400000,3,118,2,barajas,madrid-capital,2021-1-6,C,True,False,True,Privado,False,True,True,2
156884427,https://www.fotocasa.es/es/comprar/vivienda/madrid-capital/calefaccion-zona-comunitaria-ascensor/156884427/d,fotocasa,0,1,350000,3,100,0,barajas,madrid-capital,2021-1-6,A,True,False,False,No-detallado,False,False,False,2
152878499,https://www.fotocasa.es/es/comprar/vivienda/madrid-capital/trastero/152878499/d,fotocasa,0,1,138000,3,73,0,barajas,madrid-capital,2021-1-6,C,False,False,True,No-detallado,False,False,False,1
141105961,https://www.fotocasa.es/es/comprar/vivienda/madrid-capital/parking-jardin-terraza-zona-comunitaria-piscina/141105961/d,fotocasa,0,1,740000,5,150,0,barajas,madrid-capital,2021-1-6,C,False,True,False,Privado,False,False,True,3
156640418,https://www.fotocasa.es/es/comprar/vivienda/madrid-capital/calefaccion-zona-comunitaria-ascensor-patio-piscina-parking-piscina/156640418/d,fotocasa,0,1,340000,3,87,0,barajas,madrid-capital,2021-1-6,C,True,False,False,Comunitario,False,False,True,2
152557566,https://www.fotocasa.es/es/comprar/vivienda/madrid-capital/aire-acondicionado-parking-trastero-zona-comunitaria-ascensor-piscina/152557566/d,fotocasa,0,1,599000,4,160,3,barajas,madrid-capital,2021-1-6,C,True,False,True,Privado,False,True,True,3
152670313,https://www.fotocasa.es/es/comprar/vivienda/madrid-capital/aire-acondicionado-calefaccion-parking-jardin-terraza-trastero-ascensor/152670313/d,fotocasa,0,1,430000,4,122,3,barajas,madrid-capital,2021-1-6,C,True,True,True,Privado,False,True,False,2
156352758,https://www.fotocasa.es/es/comprar/vivienda/madrid-capital/aire-acondicionado-calefaccion-amueblado-television/156352758/d,fotocasa,0,1,250000,3,120,0,barajas,madrid-capital,2021-1-6,C,False,False,False,No-detallado,False,True,False,3
156098676,https://www.fotocasa.es/es/comprar/vivienda/madrid-capital/aire-acondicionado-calefaccion-jardin-terraza-trastero-zona-comunitaria-ascensor-internet-piscina-no-amueblado/156098676/d,fotocasa,0,1,440000,3,114,0,barajas,madrid-capital,2021-1-6,C,True,True,True,No-detallado,True,True,True,2
155858125,https://www.fotocasa.es/es/comprar/vivienda/madrid-capital/aire-acondicionado-calefaccion-trastero-zona-comunitaria-ascensor-parking-piscina/155858125/d,fotocasa,0,1,365000,2,80,0,barajas,madrid-capital,2021-1-6,B,True,False,True,Comunitario,False,True,True,2
151254606,https://www.fotocasa.es/es/comprar/vivienda/madrid-capital/aire-acondicionado-ascensor-amueblado/151254606/d,fotocasa,0,1,159000,1,33,5,barajas,madrid-capital,2021-1-6,C,True,False,False,No-detallado,False,True,False,1
154934486,https://www.fotocasa.es/es/comprar/vivienda/madrid-capital/parking-jardin-terraza-piscina/154934486/d,fotocasa,0,1,860000,4,238,0,barajas,madrid-capital,2021-1-6,C,False,True,False,Privado,False,False,True,4
154493053,https://www.fotocasa.es/es/comprar/vivienda/madrid-capital/aire-acondicionado-parking-zona-comunitaria/154493053/d,fotocasa,0,1,268000,3,97,2,barajas,madrid-capital,2021-1-6,C,False,False,False,Privado,False,True,False,2
155627325,https://www.fotocasa.es/es/comprar/vivienda/madrid-capital/aire-acondicionado-calefaccion-parking-jardin-trastero-zona-comunitaria-no-amueblado/155627325/d,fotocasa,0,1,799000,6,360,0,barajas,madrid-capital,2021-1-6,C,False,False,True,Privado,False,True,False,3
154608084,https://www.fotocasa.es/es/comprar/vivienda/madrid-capital/calefaccion/154608084/d,fotocasa,0,1,275800,2,74,1,barajas,madrid-capital,2021-1-6,C,False,False,False,No-detallado,False,False,False,2
149265965,https://www.fotocasa.es/es/comprar/vivienda/madrid-capital/aire-acondicionado-calefaccion-parking-jardin-zona-comunitaria-ascensor-patio-parking-piscina/149265965/d,fotocasa,0,1,365000,2,82,0,barajas,madrid-capital,2021-1-6,C,True,False,False,Privado,False,True,True,2
153521390,https://www.fotocasa.es/es/comprar/vivienda/madrid-capital/aire-acondicionado-amueblado/153521390/d,fotocasa,0,1,790000,6,357,0,barajas,madrid-capital,2021-1-6,C,False,False,False,No-detallado,False,True,False,3
154914627,https://www.fotocasa.es/es/comprar/vivienda/madrid-capital/aire-acondicionado-calefaccion-parking-jardin-trastero-zona-comunitaria-ascensor-patio-piscina-parking-piscina-no-amueblado/154914627/d,fotocasa,0,1,535000,3,111,0,barajas,madrid-capital,2021-1-6,C,True,False,True,Privado,False,True,True,2
154955887,https://www.fotocasa.es/es/comprar/vivienda/madrid-capital/aire-acondicionado-calefaccion-terraza-trastero-zona-comunitaria-ascensor-piscina-piscina-no-amueblado/154955887/d,fotocasa,0,1,360000,2,92,0,barajas,madrid-capital,2021-1-6,C,True,True,True,No-detallado,True,True,True,2
154918277,https://www.fotocasa.es/es/comprar/vivienda/madrid-capital/aire-acondicionado-calefaccion-zona-comunitaria-ascensor-amueblado-parking-television-internet-piscina/154918277/d,fotocasa,0,1,395000,3,104,0,barajas,madrid-capital,2021-1-6,C,True,False,False,Comunitario,False,True,True,2
154586137,https://www.fotocasa.es/es/comprar/vivienda/madrid-capital/calefaccion-terraza-trastero-zona-comunitaria-ascensor-piscina-parking-television-internet-piscina-no-amueblado/154586137/d,fotocasa,0,1,565000,3,148,0,barajas,madrid-capital,2021-1-6,A,True,True,True,Comunitario,True,False,True,2
154397896,https://www.fotocasa.es/es/comprar/vivienda/madrid-capital/calefaccion-parking-jardin-terraza-trastero-patio-piscina-internet/154397896/d,fotocasa,0,1,653000,3,265,0,barajas,madrid-capital,2021-1-6,C,False,True,True,Privado,False,False,True,3
152630182,https://www.fotocasa.es/es/comprar/vivienda/madrid-capital/calefaccion-parking-trastero-zona-comunitaria-ascensor-amueblado-piscina/152630182/d,fotocasa,0,1,465000,3,112,0,barajas,madrid-capital,2021-1-6,B,True,False,True,Privado,False,False,True,2
151543673,https://www.fotocasa.es/es/comprar/vivienda/madrid-capital/aire-acondicionado-calefaccion-parking-jardin-trastero-zona-comunitaria-ascensor-piscina-parking-piscina/151543673/d,fotocasa,0,1,570000,4,160,0,barajas,madrid-capital,2021-1-6,C,True,False,True,Privado,False,True,True,3
146842265,https://www.fotocasa.es/es/comprar/vivienda/madrid-capital/aire-acondicionado-calefaccion-parking-jardin-terraza-trastero-zona-comunitaria-ascensor-piscina-television-internet-no-amueblado/146842265/d,fotocasa,0,1,850000,4,180,0,barajas,madrid-capital,2021-1-6,B,True,True,True,Privado,False,True,True,3
158170733,https://www.fotocasa.es/es/comprar/vivienda/madrid-capital/calefaccion-parking-terraza-ascensor-amueblado/158170733/d,fotocasa,0,1,265000,3,98,1,barajas,madrid-capital,2021-1-6,A,True,True,False,Privado,False,False,False,2
157638335,https://www.fotocasa.es/es/comprar/vivienda/madrid-capital/aire-acondicionado-calefaccion-trastero/157638335/d,fotocasa,0,1,155000,1,34,1,barajas,madrid-capital,2021-1-6,C,False,False,True,No-detallado,False,True,False,1
158121801,https://www.fotocasa.es/es/comprar/vivienda/madrid-capital/aire-acondicionado-calefaccion-jardin-terraza-ascensor-piscina/158121801/d,fotocasa,0,1,510000,4,158,3,barajas,madrid-capital,2021-1-6,C,True,True,False,No-detallado,False,True,True,2
157977151,https://www.fotocasa.es/es/comprar/vivienda/madrid-capital/aire-acondicionado-calefaccion-jardin-terraza-ascensor-piscina/157977151/d,fotocasa,0,1,510000,4,158,3,barajas,madrid-capital,2021-1-6,C,True,True,False,No-detallado,False,True,True,2
145056208,https://www.fotocasa.es/es/comprar/vivienda/madrid-capital/calefaccion-amueblado/145056208/d,fotocasa,0,1,145000,1,54,1,barajas,madrid-capital,2021-1-6,C,False,False,False,No-detallado,True,False,False,1
138753457,https://www.fotocasa.es/es/comprar/vivienda/madrid-capital/aire-acondicionado-calefaccion-ascensor/138753457/d,fotocasa,0,1,235000,2,100,0,barajas,madrid-capital,2021-1-6,C,True,False,False,No-detallado,False,True,False,1
141105961,https://www.fotocasa.es/es/comprar/vivienda/madrid-capital/parking-jardin-terraza-zona-comunitaria-piscina/141105961/d,fotocasa,0,1,740000,5,150,0,barajas,madrid-capital,2021-1-6,C,False,True,False,Privado,False,False,True,3
153040673,https://www.fotocasa.es/es/comprar/vivienda/madrid-capital/aire-acondicionado-calefaccion-jardin-terraza/153040673/d,fotocasa,0,1,750000,3,166,0,barajas,madrid-capital,2021-1-6,C,False,True,False,No-detallado,False,True,False,3
153179231,https://www.fotocasa.es/es/comprar/vivienda/madrid-capital/aire-acondicionado-calefaccion-parking-jardin-terraza-trastero-piscina-se-aceptan-mascotas/153179231/d,fotocasa,0,1,670000,5,340,0,barajas,madrid-capital,2021-1-6,C,False,True,True,Privado,False,True,True,3
